{"parsing": 2.032403476000013, "frontend": 0.11500779799999994, "backend": 0.34875073, "simcode": 0.029320788, "templates": 0.075897056, "build": 3.233862601999988, "sim": 0.07508761100001493, "diff": {"time": 0.011509378000027937, "vars": [], "numCompared": 12}, "phase": 7, "exectime": 6.741509697999959}