{"parsing": 2.0131946010000092, "frontend": 0.10374905700000003, "backend": 0.08256668200000006, "simcode": 0.2211460329999999, "templates": 0.058166708, "build": 2.7675328360000435, "sim": 0.03667665699998679, "diff": {"time": 0.010128509000026042, "vars": [], "numCompared": 6}, "phase": 7, "exectime": 6.098423365999963}