{"parsing": 2.017007308000018, "frontend": 0.113445362, "backend": 0.420913605, "simcode": 0.04547411999999999, "templates": 0.110318665, "build": 3.5766919989999906, "sim": 0.32447499299996707, "diff": {"time": 0.014502889000027608, "vars": [], "numCompared": 13}, "phase": 7, "exectime": 7.4630464389999815}