{"parsing": 1.9774075189999962, "frontend": 0.10871563100000003, "backend": 0.395485725, "simcode": 0.04526260200000001, "templates": 0.1011017749999999, "build": 3.5578122800000074, "sim": 0.07841750500000444, "diff": {"time": 0.005464202999974077, "vars": [], "numCompared": 11}, "phase": 7, "exectime": 7.091931149000004}