{"parsing": 1.9842090420000034, "frontend": 0.09921946100000006, "backend": 0.33480188, "simcode": 0.021188899999999997, "templates": 0.080047958, "build": 2.817545908999989, "sim": 0.1836130320000109, "diff": {"time": 0.010452743000001874, "vars": [], "numCompared": 9}, "phase": 7, "exectime": 6.355327796000012}