{"parsing": 1.9921115020000002, "frontend": 0.11259434300000004, "backend": 0.392834407, "simcode": 0.038554244000000015, "templates": 0.114370906, "build": 3.426961051000035, "sim": 0.1915838389999749, "diff": {"time": 0.009736807000024328, "vars": [], "numCompared": 12}, "phase": 7, "exectime": 7.108208719000004}