{"parsing": 1.9992280630000323, "frontend": 0.09149964199999999, "backend": 0.07452906200000003, "simcode": 0.016593726000000003, "templates": 0.24724485, "build": 2.616504239000051, "sim": 0.04213093199996365, "diff": {"time": 0.006907781999984763, "vars": [], "numCompared": 4}, "phase": 7, "exectime": 5.898781456999984}