{"parsing": 1.9883757260000152, "frontend": 0.09691425699999995, "backend": 0.06908355800000004, "simcode": 0.01643307999999999, "templates": 0.24967508, "build": 2.5980316220000077, "sim": 0.034281881000026715, "diff": {"time": 0.006079027999987829, "vars": [], "numCompared": 5}, "phase": 7, "exectime": 5.852108973999975}