{"parsing": 1.9709017360000303, "frontend": 0.11455612500000001, "backend": 0.35869715199999996, "simcode": 0.03665065599999999, "templates": 0.09287156, "build": 3.3975811419999786, "sim": 0.05244649099995513, "diff": {"time": 0.009049881000009918, "vars": [], "numCompared": 10}, "phase": 7, "exectime": 6.854552298000044}