{"parsing": 2.0400002319999544, "frontend": 0.10708038700000005, "backend": 0.3508513379999999, "simcode": 0.034397460000000005, "templates": 0.085864153, "build": 3.339446269000007, "sim": 0.05012676699999474, "diff": {"time": 0.011682258999996975, "vars": [], "numCompared": 10}, "phase": 7, "exectime": 6.833073651999996}