{"parsing": 2.0132520399999976, "frontend": 0.11544038300000009, "backend": 0.348794583, "simcode": 0.030984945999999985, "templates": 0.08341456400000001, "build": 3.2357819860000063, "sim": 0.04686565999998038, "diff": {"time": 0.007120186999998168, "vars": [], "numCompared": 8}, "phase": 7, "exectime": 6.728843060999964}