{"parsing": 1.9896109840000236, "frontend": 0.10887093000000003, "backend": 0.6028896499999999, "simcode": 0.048391566, "templates": 0.123268611, "build": 3.5577286410000113, "sim": 0.359386322000006, "diff": {"time": 0.010008855000023686, "vars": [], "numCompared": 13}, "phase": 7, "exectime": 7.614035279999996}