{"parsing": 1.988621548000026, "frontend": 0.09369176000000001, "backend": 0.043664782, "simcode": 0.012298717, "templates": 0.040807123, "build": 2.36661024, "sim": 0.03622513400000571, "diff": {"time": 0.005961221999996269, "vars": [], "numCompared": 4}, "phase": 7, "exectime": 5.396108766999987}