{"parsing": 2.0057441749999896, "frontend": 0.12207725000000003, "backend": 0.36492113800000003, "simcode": 0.035510555999999985, "templates": 0.089603368, "build": 3.354203556000016, "sim": 0.051346931000011864, "diff": {"time": 0.009397103999987166, "vars": [], "numCompared": 10}, "phase": 7, "exectime": 6.8285829569999805}