{"parsing": 1.9841457420000097, "frontend": 0.11380012299999998, "backend": 0.353539904, "simcode": 0.033978684999999995, "templates": 0.08713788800000001, "build": 3.3012822120000465, "sim": 0.04945259799995938, "diff": {"time": 0.009307153000008839, "vars": [], "numCompared": 10}, "phase": 7, "exectime": 6.746057624999992}