{"parsing": 2.0039156430000276, "frontend": 0.088891249, "backend": 0.07481700199999997, "simcode": 0.01666055500000002, "templates": 0.242041648, "build": 2.5359059529999968, "sim": 0.041823393000015585, "diff": {"time": 0.008136180000008153, "vars": [], "numCompared": 4}, "phase": 7, "exectime": 5.828269130000024}