{"parsing": 2.0013473399999953, "frontend": 0.09109215799999999, "backend": 0.05329233199999993, "simcode": 0.012011080000000063, "templates": 0.04209937999999991, "build": 2.4186558180000475, "sim": 0.03846723499998461, "diff": {"time": 0.006013644999995904, "vars": [], "numCompared": 4}, "phase": 7, "exectime": 5.4851393330000064}