{"parsing": 2.0156085600000324, "frontend": 0.10862499299999995, "backend": 0.36275933899999996, "simcode": 0.036225667, "templates": 0.114335282, "build": 3.3948201470000186, "sim": 0.051210261999983686, "diff": {"time": 0.02505188800000724, "vars": [], "numCompared": 16}, "phase": 7, "exectime": 6.909508514000038}