{"parsing": 1.9824224940000192, "frontend": 0.10663394600000003, "backend": 0.375411754, "simcode": 0.033768176, "templates": 0.084989731, "build": 3.2481082910000225, "sim": 0.048933413000014525, "diff": {"time": 0.009323440999992272, "vars": [], "numCompared": 10}, "phase": 7, "exectime": 6.703695853999989}