{"parsing": 1.979343349000004, "frontend": 0.11018370700000002, "backend": 0.3566750900000001, "simcode": 0.03526014799999999, "templates": 0.1067346069999999, "build": 3.25071887499999, "sim": 0.04942473899998845, "diff": {"time": 0.009052317999987736, "vars": [], "numCompared": 10}, "phase": 7, "exectime": 6.716873093999993}