{"parsing": 2.0238684459999945, "frontend": 0.10862543499999999, "backend": 0.367398497, "simcode": 0.04255447, "templates": 0.09090050000000001, "build": 3.3098785949999865, "sim": 0.05847342299995262, "diff": {"time": 0.02968483600000127, "vars": [], "numCompared": 18}, "phase": 7, "exectime": 6.8555013679999774}