{"parsing": 1.975106832999984, "frontend": 0.10712522100000005, "backend": 0.351652861, "simcode": 0.03452981699999999, "templates": 0.103767572, "build": 3.2846860170000127, "sim": 0.049316644999976234, "diff": {"time": 0.009404418000031, "vars": [], "numCompared": 10}, "phase": 7, "exectime": 6.785674534000009}