{"parsing": 1.985340784000016, "frontend": 0.106520365, "backend": 0.38398381000000004, "simcode": 0.033084671999999996, "templates": 0.08186853000000001, "build": 3.4062641550000308, "sim": 0.2671664679999708, "diff": {"time": 0.013508033999983127, "vars": [], "numCompared": 12}, "phase": 7, "exectime": 7.066012514000022}