{"parsing": 2.073969998999985, "frontend": 0.11602907899999998, "backend": 0.36141822199999996, "simcode": 0.036018796000000006, "templates": 0.088878866, "build": 3.3485047920000284, "sim": 0.050495331999968585, "diff": {"time": 0.017487696999978652, "vars": [], "numCompared": 16}, "phase": 7, "exectime": 6.898225819999993}