{"parsing": 2.0580812070000434, "frontend": 0.10723270800000007, "backend": 0.33587585899999994, "simcode": 0.031229752, "templates": 0.089416146, "build": 3.1904329930000017, "sim": 0.045904491999976926, "diff": {"time": 0.00853005200002599, "vars": [], "numCompared": 8}, "phase": 7, "exectime": 6.7042727700000455}