{"parsing": 2.0703808639999863, "frontend": 0.10786885899999998, "backend": 0.37144766100000004, "simcode": 0.035397054, "templates": 0.087490287, "build": 3.269706480000025, "sim": 0.04911923400001683, "diff": {"time": 0.009263826000022846, "vars": [], "numCompared": 10}, "phase": 7, "exectime": 6.811409010999995}