{"parsing": 1.9876249229999985, "frontend": 0.10765687499999993, "backend": 0.3495910090000001, "simcode": 0.032698039999999984, "templates": 0.09337743700000001, "build": 3.2333759500000383, "sim": 0.047716855000032865, "diff": {"time": 0.010737832000017988, "vars": [], "numCompared": 8}, "phase": 7, "exectime": 6.682575344999975}