{"parsing": 2.0443018589999724, "frontend": 0.11857092899999999, "backend": 0.42211132, "simcode": 0.053656013999999974, "templates": 0.326621745, "build": 3.755327309999984, "sim": 0.06114178000001402, "diff": {"time": 0.011902869000039118, "vars": [], "numCompared": 13}, "phase": 7, "exectime": 7.626021159999993}