{"parsing": 1.9837100940000028, "frontend": 0.094584696, "backend": 0.05069993399999999, "simcode": 0.012165057, "templates": 0.04087400300000001, "build": 2.486580473999993, "sim": 0.07265850999999657, "diff": {"time": 0.006327550000008841, "vars": [], "numCompared": 5}, "phase": 7, "exectime": 5.537664825000007}