{"parsing": 1.9873005630000193, "frontend": 0.10157347900000002, "backend": 0.3317641499999999, "simcode": 0.022482635, "templates": 0.071607193, "build": 2.7672220959999834, "sim": 0.10713015600001086, "diff": {"time": 0.009150210999990804, "vars": [], "numCompared": 6}, "phase": 7, "exectime": 6.215885969999988}