{"parsing": 2.003962006999984, "frontend": 0.091027902, "backend": 0.04878662699999999, "simcode": 0.011496671, "templates": 0.03878678300000001, "build": 2.3719299269999965, "sim": 0.03765839700002971, "diff": {"time": 0.005783269000005475, "vars": [], "numCompared": 4}, "phase": 7, "exectime": 5.451697589000048}