{"parsing": 2.071024960999978, "frontend": 0.10631894600000003, "backend": 0.411173935, "simcode": 0.04422883400000001, "templates": 0.099116724, "build": 3.5539280499999677, "sim": 0.32309825300001194, "diff": {"time": 0.012058342999978322, "vars": [], "numCompared": 13}, "phase": 7, "exectime": 7.452119919999973}