{"parsing": 2.0749202669999818, "frontend": 0.10543764399999994, "backend": 0.35769221, "simcode": 0.034524641999999994, "templates": 0.089973099, "build": 3.314027753000005, "sim": 0.05026746400000093, "diff": {"time": 0.00918930199998158, "vars": [], "numCompared": 10}, "phase": 7, "exectime": 6.888067128999978}