{"parsing": 2.018501631000021, "frontend": 0.106357702, "backend": 0.35181982900000003, "simcode": 0.037582388999999994, "templates": 0.08457238, "build": 3.3424856039999895, "sim": 0.04897112500000844, "diff": {"time": 0.011927654000004395, "vars": [], "numCompared": 10}, "phase": 7, "exectime": 6.843407620000022}