{"parsing": 2.0047881470000277, "frontend": 0.10312389999999999, "backend": 0.33949999, "simcode": 0.032914755000000004, "templates": 0.088746906, "build": 3.058507784000028, "sim": 0.048939099000051556, "diff": {"time": 0.012154387000009592, "vars": [], "numCompared": 14}, "phase": 7, "exectime": 6.527822334000007}