{"parsing": 2.039116115000013, "frontend": 0.10971267500000004, "backend": 0.352413576, "simcode": 0.03267764499999999, "templates": 0.087943905, "build": 3.2668560679999814, "sim": 0.04837498299997378, "diff": {"time": 0.00834342299998525, "vars": [], "numCompared": 8}, "phase": 7, "exectime": 6.790732525999999}