{"parsing": 2.0001213360000065, "frontend": 0.12193996799999995, "backend": 0.4456335470000002, "simcode": 0.06676460899999986, "templates": 0.339647358, "build": 4.24720355300002, "sim": 0.06600025800003095, "diff": {"time": 0.018398433000015757, "vars": [], "numCompared": 16}, "phase": 7, "exectime": 8.144739098000002}