{"parsing": 1.9916003970000133, "frontend": 0.09072095499999999, "backend": 0.049203441, "simcode": 0.011561189999999999, "templates": 0.040674841, "build": 2.39170747899999, "sim": 0.03824417000004132, "diff": {"time": 0.0058956409999950665, "vars": [], "numCompared": 4}, "phase": 7, "exectime": 5.44574328799996}