{"parsing": 2.0349533269999824, "frontend": 0.10595635400000003, "backend": 0.358172575, "simcode": 0.029455420999999996, "templates": 0.080238609, "build": 3.1655406350000135, "sim": 0.18778582800001686, "diff": {"time": 0.00802407700001595, "vars": [], "numCompared": 10}, "phase": 7, "exectime": 6.832878241000003}