{"parsing": 1.9765767149999647, "frontend": 0.10810439999999993, "backend": 0.3711228800000001, "simcode": 0.033298549, "templates": 0.088157655, "build": 3.337189192999972, "sim": 0.06185591600001317, "diff": {"time": 0.009295865000012782, "vars": [], "numCompared": 10}, "phase": 7, "exectime": 6.792317464000007}