{"parsing": 1.996129322999991, "frontend": 0.10974319400000004, "backend": 0.36193172399999995, "simcode": 0.036467087999999995, "templates": 0.09395634300000001, "build": 3.38831071300001, "sim": 0.05143676600005165, "diff": {"time": 0.009302953999963393, "vars": [], "numCompared": 10}, "phase": 7, "exectime": 6.868653268000003}