{"parsing": 1.998924346999985, "frontend": 0.095225089, "backend": 0.05010403199999999, "simcode": 0.012306601, "templates": 0.041397955, "build": 2.3880141310000056, "sim": 0.1443736779999938, "diff": {"time": 0.007282422999992377, "vars": [], "numCompared": 5}, "phase": 7, "exectime": 5.558205389000008}