{"parsing": 2.010384691000013, "frontend": 0.10226931500000008, "backend": 0.36921535, "simcode": 0.033204100999999986, "templates": 0.08520343400000001, "build": 3.2440677609999966, "sim": 0.06091303600004494, "diff": {"time": 0.0121000469999899, "vars": [], "numCompared": 10}, "phase": 7, "exectime": 6.745784560000004}