{"parsing": 1.9835540220000212, "frontend": 0.12271739800000003, "backend": 0.379764389, "simcode": 0.03417322399999999, "templates": 0.109505698, "build": 3.3339441790000137, "sim": 0.170283760000018, "diff": {"time": 0.00878585199995996, "vars": [], "numCompared": 12}, "phase": 7, "exectime": 6.9813391600000045}