{"parsing": 2.009872251000047, "frontend": 0.10169562400000004, "backend": 0.335455089, "simcode": 0.029005432999999997, "templates": 0.077353368, "build": 3.1957258799999977, "sim": 0.04502667900004553, "diff": {"time": 0.011209982999957901, "vars": [], "numCompared": 8}, "phase": 7, "exectime": 6.617782732000023}