{"parsing": 1.986465471999992, "frontend": 0.10340454300000007, "backend": 0.344388467, "simcode": 0.029848375999999996, "templates": 0.077989714, "build": 3.2038603100000103, "sim": 0.049382364999985384, "diff": {"time": 0.010389967000008937, "vars": [], "numCompared": 12}, "phase": 7, "exectime": 6.663776160999987}