{"parsing": 2.002942718999975, "frontend": 0.10241754300000006, "backend": 0.35006530599999997, "simcode": 0.03451677199999999, "templates": 0.08621173600000001, "build": 3.2788830830000393, "sim": 0.048709592999955476, "diff": {"time": 0.009162069000012707, "vars": [], "numCompared": 10}, "phase": 7, "exectime": 6.733672541000033}