{"parsing": 2.0321477620000223, "frontend": 0.13818211300000005, "backend": 0.799577451, "simcode": 0.06622243700000002, "templates": 0.375831588, "build": 4.687468734999982, "sim": 0.3327637980000304, "diff": {"time": 0.020508769999992182, "vars": [], "numCompared": 21}, "phase": 7, "exectime": 9.288649598000006}