{"parsing": 1.9907454579999921, "frontend": 0.10646776400000002, "backend": 0.392719526, "simcode": 0.03547850399999998, "templates": 0.09359877700000001, "build": 3.4351306579999914, "sim": 0.19064145400000143, "diff": {"time": 0.010097373999997217, "vars": [], "numCompared": 12}, "phase": 7, "exectime": 7.08502876}