{"parsing": 2.1039729000000023, "frontend": 0.08659989199999998, "backend": 0.02124728699999999, "simcode": 0.007764593, "templates": 0.04462782000000001, "build": 2.1450939289999837, "sim": 0.02567658999998912, "diff": {"time": 0.004040476000000126, "vars": [], "numCompared": 2}, "phase": 7, "exectime": 5.281321129999981}