{"parsing": 1.9976666079999745, "frontend": 0.19095766600000008, "backend": 1.1891680439999999, "simcode": 0.12602885800000002, "templates": 0.46299306, "build": 6.001112728999999, "sim": 0.2250924859999941, "diff": {"time": 0.03113362600004166, "vars": [], "numCompared": 27}, "phase": 7, "exectime": 11.062626263000027}