{"parsing": 2.0124999390000085, "frontend": 0.11039608400000006, "backend": 0.37146906999999996, "simcode": 0.031043854999999995, "templates": 0.08173472100000001, "build": 3.1936124889999746, "sim": 0.18988842700002806, "diff": {"time": 0.009620132999998532, "vars": [], "numCompared": 10}, "phase": 7, "exectime": 6.809240087999967}