{"parsing": 1.9888565460000223, "frontend": 0.10290267799999997, "backend": 0.339962027, "simcode": 0.030698593999999996, "templates": 0.08070136800000001, "build": 3.190648488000022, "sim": 0.04591601099997433, "diff": {"time": 0.008345399000006637, "vars": [], "numCompared": 8}, "phase": 7, "exectime": 6.583582139999976}