{"parsing": 2.0098101789999987, "frontend": 0.08587819199999999, "backend": 0.01580233200000001, "simcode": 0.007202208000000002, "templates": 0.030151612, "build": 2.1056876130000433, "sim": 0.02346347700000706, "diff": {"time": 0.004406699000014669, "vars": [], "numCompared": 2}, "phase": 7, "exectime": 5.103238595999983}