{"parsing": 1.9881073199999832, "frontend": 0.10626714199999993, "backend": 0.37223295300000014, "simcode": 0.033649064999999936, "templates": 0.08554789399999996, "build": 3.27414964999997, "sim": 0.06066492200000084, "diff": {"time": 0.00896703799998022, "vars": [], "numCompared": 10}, "phase": 7, "exectime": 6.736590391999982}