{"parsing": 1.9906987429999958, "frontend": 0.10494713999999994, "backend": 0.357487877, "simcode": 0.02979900299999999, "templates": 0.08056084200000001, "build": 3.239463578000027, "sim": 0.10953345699999772, "diff": {"time": 0.007700239000030251, "vars": [], "numCompared": 7}, "phase": 7, "exectime": 6.741406245000007}