{"parsing": 1.9847644579999724, "frontend": 0.103042419, "backend": 0.328782552, "simcode": 0.028181102999999985, "templates": 0.07320370100000001, "build": 3.106915597000011, "sim": 0.047099803999969936, "diff": {"time": 0.012537004999956025, "vars": [], "numCompared": 10}, "phase": 7, "exectime": 6.477308450999999}