{"parsing": 2.01726217800001, "frontend": 0.091951071, "backend": 0.04033189100000001, "simcode": 0.011873442999999997, "templates": 0.040318276, "build": 2.4542267390000347, "sim": 0.03099696499998572, "diff": {"time": 0.007030230999987452, "vars": [], "numCompared": 4}, "phase": 7, "exectime": 5.531157464000046}