{"parsing": 1.9916769920000092, "frontend": 0.09144886299999999, "backend": 0.05539157199999999, "simcode": 0.012453024, "templates": 0.042802403, "build": 2.463006028000052, "sim": 0.03795412900001338, "diff": {"time": 0.005948053999986769, "vars": [], "numCompared": 4}, "phase": 7, "exectime": 5.544434742000021}