{"parsing": 2.0062960610000005, "frontend": 0.1627564829999999, "backend": 1.2173614590000001, "simcode": 0.13231086400000008, "templates": 0.4512982999999999, "build": 6.1354747880000104, "sim": 0.22824117700002944, "diff": {"time": 0.02403346800002737, "vars": [], "numCompared": 27}, "phase": 7, "exectime": 11.182309745999987}