{"parsing": 2.0081229179999696, "frontend": 0.10561392000000014, "backend": 0.3412545899999999, "simcode": 0.030854991999999998, "templates": 0.077612922, "build": 3.2440539869999725, "sim": 0.04683433000002424, "diff": {"time": 0.008408967999969263, "vars": [], "numCompared": 8}, "phase": 7, "exectime": 6.691980174999969}