{"parsing": 2.011816071999988, "frontend": 0.101686057, "backend": 0.4289193190000001, "simcode": 0.03300816499999999, "templates": 0.082542977, "build": 3.2540731569999934, "sim": 0.26858349899998757, "diff": {"time": 0.013323879000040506, "vars": [], "numCompared": 12}, "phase": 7, "exectime": 7.030370421000043}