{"parsing": 1.9910552850000158, "frontend": 0.11809185799999988, "backend": 0.357163892, "simcode": 0.035417322, "templates": 0.087553773, "build": 3.2358673159999967, "sim": 0.049198270000005095, "diff": {"time": 0.008958957000004375, "vars": [], "numCompared": 10}, "phase": 7, "exectime": 6.718675069999989}