{"parsing": 1.9850433180000095, "frontend": 0.1009768960000001, "backend": 0.35512286599999987, "simcode": 0.026990275999999994, "templates": 0.08555169900000001, "build": 3.0663641570000095, "sim": 0.17903607300002022, "diff": {"time": 0.013309033000041381, "vars": [], "numCompared": 12}, "phase": 7, "exectime": 6.6641937859999985}