{"parsing": 2.057104719999984, "frontend": 0.10556101499999992, "backend": 0.3851861980000001, "simcode": 0.03959387399999999, "templates": 0.08853327200000001, "build": 3.2802618869999947, "sim": 0.07356020700001409, "diff": {"time": 0.01957358300001033, "vars": [], "numCompared": 18}, "phase": 7, "exectime": 6.876133977999984}