{"parsing": 1.9869704230000025, "frontend": 0.11536240900000005, "backend": 0.439703819, "simcode": 0.048567183000000014, "templates": 0.316624545, "build": 3.516782534000072, "sim": 0.26031880400000773, "diff": {"time": 0.011490728000012496, "vars": [], "numCompared": 14}, "phase": 7, "exectime": 7.4994575779999195}