{"parsing": 2.015182996999954, "frontend": 0.11894965800000001, "backend": 0.437463959, "simcode": 0.066235394, "templates": 0.336986158, "build": 4.121010442999989, "sim": 0.06772671599998148, "diff": {"time": 0.018130208999991737, "vars": [], "numCompared": 16}, "phase": 7, "exectime": 8.001136718999987}