{"parsing": 1.9950369910000063, "frontend": 0.10031731700000002, "backend": 0.084761592, "simcode": 0.21793311299999996, "templates": 0.06736281300000001, "build": 2.8078998980000165, "sim": 0.03721465200004559, "diff": {"time": 0.00892964799999163, "vars": [], "numCompared": 9}, "phase": 7, "exectime": 6.163828034000005}