{"parsing": 2.004034411999953, "frontend": 0.1039446630000001, "backend": 0.36498447, "simcode": 0.04183882299999994, "templates": 0.08823549399999997, "build": 3.2740386589999844, "sim": 0.0580172589999961, "diff": {"time": 0.019848866999950587, "vars": [], "numCompared": 18}, "phase": 7, "exectime": 6.765247372000033}