{"parsing": 2.014279012999964, "frontend": 0.11072708100000006, "backend": 0.41538241600000003, "simcode": 0.04742202000000001, "templates": 0.113341058, "build": 3.482158480999999, "sim": 0.3280524560000231, "diff": {"time": 0.010429833000046074, "vars": [], "numCompared": 13}, "phase": 7, "exectime": 7.326500954999972}