{"parsing": 1.9795161860000121, "frontend": 0.10267947299999997, "backend": 0.084403267, "simcode": 0.222179654, "templates": 0.06114125300000001, "build": 2.803308873999981, "sim": 0.037888977000022805, "diff": {"time": 0.00987050700001646, "vars": [], "numCompared": 9}, "phase": 7, "exectime": 6.149568178999971}