{"parsing": 1.9857646690000195, "frontend": 0.12958020199999998, "backend": 0.36539543500000005, "simcode": 0.0371563349999999, "templates": 0.107884868, "build": 3.349179893999974, "sim": 0.052264596999975765, "diff": {"time": 0.009538897000027191, "vars": [], "numCompared": 10}, "phase": 7, "exectime": 6.837758478999973}