{"parsing": 1.9789977859999794, "frontend": 0.160281699, "backend": 0.39281417900000004, "simcode": 0.03592986599999999, "templates": 0.114948754, "build": 3.4019061609999994, "sim": 0.19249151000002485, "diff": {"time": 0.010002671999984614, "vars": [], "numCompared": 12}, "phase": 7, "exectime": 7.118082734999973}