{"parsing": 2.013479898000014, "frontend": 0.10638050700000001, "backend": 0.337356572, "simcode": 0.029209794999999997, "templates": 0.07613079, "build": 3.186091511000029, "sim": 0.045132643000044936, "diff": {"time": 0.0076096720000009554, "vars": [], "numCompared": 8}, "phase": 7, "exectime": 6.591006866000043}