{"parsing": 1.9854236489999835, "frontend": 0.13595583700000002, "backend": 0.7899375719999999, "simcode": 0.06561525299999998, "templates": 0.367461619, "build": 4.6713631350000355, "sim": 0.30814000399999486, "diff": {"time": 0.0194387149999784, "vars": [], "numCompared": 21}, "phase": 7, "exectime": 9.148059399000033}