{"parsing": 2.0225380840000184, "frontend": 0.10110464800000002, "backend": 0.08152872700000002, "simcode": 0.22156963599999996, "templates": 0.075298024, "build": 2.75611902899999, "sim": 0.037344531000030656, "diff": {"time": 0.007126197999980377, "vars": [], "numCompared": 6}, "phase": 7, "exectime": 6.118038688000013}