{"parsing": 1.9832776799999579, "frontend": 0.10689608400000011, "backend": 0.36354932099999987, "simcode": 0.033492790999999994, "templates": 0.08709784000000001, "build": 3.2832391749999488, "sim": 0.06051861299999928, "diff": {"time": 0.012116823999974713, "vars": [], "numCompared": 10}, "phase": 7, "exectime": 6.75023999900003}