{"parsing": 1.9918211749999841, "frontend": 0.09303893199999996, "backend": 0.06853017500000003, "simcode": 0.016682803000000024, "templates": 0.263143286, "build": 2.590033669999997, "sim": 0.03276345499998001, "diff": {"time": 0.00517108500000063, "vars": [], "numCompared": 5}, "phase": 7, "exectime": 5.852726200999996}