{"parsing": 2.0270542540000065, "frontend": 0.084557137, "backend": 0.009735938, "simcode": 0.004271716000000002, "templates": 0.022766796, "build": 2.0138378910000085, "sim": 0.023753056999993305, "diff": {"time": 0.006346444999991263, "vars": [], "numCompared": 3}, "phase": 7, "exectime": 5.001136708999979}