{"parsing": 1.9970581169999946, "frontend": 0.10647755900000005, "backend": 0.369097495, "simcode": 0.033226328, "templates": 0.086562173, "build": 3.269543956000007, "sim": 0.061012724999955026, "diff": {"time": 0.00906159599998091, "vars": [], "numCompared": 10}, "phase": 7, "exectime": 6.735750995000046}