{"parsing": 2.000245275999987, "frontend": 0.10289478299999999, "backend": 0.35705164, "simcode": 0.03611875299999999, "templates": 0.092014884, "build": 3.3878478640000367, "sim": 0.051212651000014375, "diff": {"time": 0.009731363000014426, "vars": [], "numCompared": 10}, "phase": 7, "exectime": 6.8769361689999755}