{"parsing": 2.0282558689999917, "frontend": 0.11307214100000007, "backend": 0.342811323, "simcode": 0.024307672000000002, "templates": 0.0661332, "build": 2.914159748000003, "sim": 0.18153165100000024, "diff": {"time": 0.01194258999998965, "vars": [], "numCompared": 12}, "phase": 7, "exectime": 6.489020370999981}