{"parsing": 1.9952020459999744, "frontend": 0.08890018499999999, "backend": 0.06053507799999999, "simcode": 0.011790953, "templates": 0.05027045500000001, "build": 2.439709439000012, "sim": 0.13495444899999143, "diff": {"time": 0.008629409000008081, "vars": [], "numCompared": 5}, "phase": 7, "exectime": 5.606629456999997}