{"parsing": 1.991772960999981, "frontend": 0.09607022199999993, "backend": 0.3442915300000001, "simcode": 0.028570471, "templates": 0.06855654400000001, "build": 2.972989056000017, "sim": 0.0629330489999802, "diff": {"time": 0.010725059999970199, "vars": [], "numCompared": 14}, "phase": 7, "exectime": 6.395451557999991}