{"parsing": 1.9835806540000362, "frontend": 0.10688445499999999, "backend": 0.357418288, "simcode": 0.03054845099999999, "templates": 0.08106421000000001, "build": 3.2506230799999685, "sim": 0.11018981799998073, "diff": {"time": 0.010325416000000587, "vars": [], "numCompared": 7}, "phase": 7, "exectime": 6.774896404000003}