{"parsing": 1.9767384020000236, "frontend": 0.11511975200000002, "backend": 0.44221783299999995, "simcode": 0.04947322599999998, "templates": 0.321351215, "build": 3.504845300999989, "sim": 0.25774066200000334, "diff": {"time": 0.011469664000003377, "vars": [], "numCompared": 14}, "phase": 7, "exectime": 7.472919492000017}