{"parsing": 2.007938598999999, "frontend": 0.094326877, "backend": 0.051841663999999905, "simcode": 0.011589802999999989, "templates": 0.04126815900000001, "build": 2.4853709960000003, "sim": 0.16318163900001537, "diff": {"time": 0.008491770000006227, "vars": [], "numCompared": 5}, "phase": 7, "exectime": 5.698347700999989}