{"parsing": 1.9978114399999924, "frontend": 0.090456397, "backend": 0.02139340699999999, "simcode": 0.009431279000000015, "templates": 0.040246988, "build": 2.1630833429999967, "sim": 0.02586449199999663, "diff": {"time": 0.0060776419999939435, "vars": [], "numCompared": 2}, "phase": 7, "exectime": 5.185627765999996}