{"parsing": 2.0013958840000328, "frontend": 0.11214803000000007, "backend": 0.38096644999999996, "simcode": 0.03254253, "templates": 0.087948813, "build": 3.3597320229999923, "sim": 0.16904427699995495, "diff": {"time": 0.01075156999996807, "vars": [], "numCompared": 12}, "phase": 7, "exectime": 6.992562857000053}