{"parsing": 1.9829707929999927, "frontend": 0.09691323599999996, "backend": 0.352805372, "simcode": 0.027594118, "templates": 0.070589149, "build": 3.0488713820000157, "sim": 0.17864728300003208, "diff": {"time": 0.012895816000025206, "vars": [], "numCompared": 12}, "phase": 7, "exectime": 6.57666595500001}