{"parsing": 2.0008648520000065, "frontend": 0.09547741399999998, "backend": 0.052601573, "simcode": 0.014784777000000006, "templates": 0.050809365, "build": 2.4591350709999915, "sim": 0.031248613999991903, "diff": {"time": 0.006350763999989795, "vars": [], "numCompared": 4}, "phase": 7, "exectime": 5.54966422800004}