{"parsing": 2.0563008419999846, "frontend": 0.09984357599999993, "backend": 0.314728391, "simcode": 0.025039698, "templates": 0.078366108, "build": 2.9774926420000156, "sim": 0.04332301900001312, "diff": {"time": 0.011529698000003918, "vars": [], "numCompared": 8}, "phase": 7, "exectime": 6.435677193999993}