{"parsing": 2.0027193740000087, "frontend": 0.09919284700000011, "backend": 0.007381648999999938, "simcode": 0.00392246099999995, "templates": 0.022012287, "build": 1.9850839210000117, "sim": 0.05770070200000532, "diff": {"time": 0.005446202999991101, "vars": [], "numCompared": 4}, "phase": 7, "exectime": 5.013224643000001}