{"parsing": 2.0122053949999668, "frontend": 0.12219593900000003, "backend": 0.441213022, "simcode": 0.06630876299999999, "templates": 0.369468138, "build": 4.138902166999969, "sim": 0.06588806799999247, "diff": {"time": 0.018044724999981554, "vars": [], "numCompared": 16}, "phase": 7, "exectime": 8.059674589999986}