{"parsing": 1.983131979999996, "frontend": 0.10986247900000001, "backend": 0.396506421, "simcode": 0.04424932199999991, "templates": 0.100312518, "build": 3.475897224999983, "sim": 0.07559492800004364, "diff": {"time": 0.005634862000022167, "vars": [], "numCompared": 11}, "phase": 7, "exectime": 6.992712427000015}