{"parsing": 1.9982838660000084, "frontend": 0.08929825899999999, "backend": 0.04207750699999999, "simcode": 0.011894228000000014, "templates": 0.041777888, "build": 2.374157937999996, "sim": 0.031111473000009937, "diff": {"time": 0.0059367919999999685, "vars": [], "numCompared": 4}, "phase": 7, "exectime": 5.409868051999979}