{"parsing": 2.013306285999988, "frontend": 0.10832594499999992, "backend": 0.39307644399999997, "simcode": 0.03206148499999999, "templates": 0.108174743, "build": 3.297828003999996, "sim": 0.050669994999992696, "diff": {"time": 0.004992168000001129, "vars": [], "numCompared": 13}, "phase": 7, "exectime": 6.858044855000003}