{"parsing": 1.9907100780000064, "frontend": 0.13490967999999998, "backend": 0.365278066, "simcode": 0.037090833000000004, "templates": 0.091688797, "build": 3.311691633999999, "sim": 0.049390165999994906, "diff": {"time": 0.012634133000005932, "vars": [], "numCompared": 10}, "phase": 7, "exectime": 6.785420864000002}