{"parsing": 1.9802643890000127, "frontend": 0.10758879100000007, "backend": 0.3836213639999999, "simcode": 0.03604930999999999, "templates": 0.098245711, "build": 3.401300575999983, "sim": 0.06648416100000532, "diff": {"time": 0.009614485999975386, "vars": [], "numCompared": 10}, "phase": 7, "exectime": 6.890302248000012}