{"parsing": 1.9870779469999889, "frontend": 0.10504443199999991, "backend": 0.33890391900000005, "simcode": 0.029269985999999942, "templates": 0.07724767099999996, "build": 3.1459082439999975, "sim": 0.04608109399998739, "diff": {"time": 0.010862821999978678, "vars": [], "numCompared": 8}, "phase": 7, "exectime": 6.574475215000007}