{"parsing": 2.043856771999998, "frontend": 0.10416884999999998, "backend": 0.358911, "simcode": 0.03412611300000001, "templates": 0.10394766, "build": 3.3300077989999863, "sim": 0.053369221999986394, "diff": {"time": 0.020236237000005985, "vars": [], "numCompared": 14}, "phase": 7, "exectime": 6.850050132999996}