{"parsing": 1.9725082720000273, "frontend": 0.11185318999999994, "backend": 0.382802296, "simcode": 0.038055731999999995, "templates": 0.11797091, "build": 3.357883856000001, "sim": 0.09207438799995771, "diff": {"time": 0.009397599999999784, "vars": [], "numCompared": 10}, "phase": 7, "exectime": 6.910087266999994}