{"parsing": 2.0435402340000337, "frontend": 0.10762244000000004, "backend": 0.3529084499999999, "simcode": 0.038410716, "templates": 0.09495549900000001, "build": 3.3506983260000425, "sim": 0.049840471999971214, "diff": {"time": 0.012393260999999711, "vars": [], "numCompared": 10}, "phase": 7, "exectime": 6.903035627999998}