{"parsing": 2.0009506540000075, "frontend": 0.10527827800000006, "backend": 0.36302556500000005, "simcode": 0.029661335999999983, "templates": 0.09351991000000001, "build": 3.2203244290000157, "sim": 0.18578489599997283, "diff": {"time": 0.008929569000031279, "vars": [], "numCompared": 10}, "phase": 7, "exectime": 6.972353644000009}