{"parsing": 1.9753053709999904, "frontend": 0.10585724800000007, "backend": 0.361253219, "simcode": 0.03594704899999998, "templates": 0.08972904000000001, "build": 3.361034375999992, "sim": 0.05123109400000203, "diff": {"time": 0.011185624000006555, "vars": [], "numCompared": 11}, "phase": 7, "exectime": 6.815399192000001}