{"parsing": 1.9765420339999764, "frontend": 0.10387266900000003, "backend": 0.35684673699999997, "simcode": 0.034769233999999996, "templates": 0.088125539, "build": 3.2484252200000014, "sim": 0.04938837100002047, "diff": {"time": 0.010612874999992528, "vars": [], "numCompared": 10}, "phase": 7, "exectime": 6.675563355999998}