{"parsing": 2.0008118129999843, "frontend": 0.09931832299999999, "backend": 0.351849751, "simcode": 0.028990336000000005, "templates": 0.078296509, "build": 2.9720104900000024, "sim": 0.061311108999973385, "diff": {"time": 0.009851682999965305, "vars": [], "numCompared": 14}, "phase": 7, "exectime": 6.412664836000033}