{"parsing": 1.9855920319999996, "frontend": 0.089332523, "backend": 0.04803564099999998, "simcode": 0.013125355000000012, "templates": 0.042950819, "build": 2.419804711999973, "sim": 0.030724922000047172, "diff": {"time": 0.006567176999965341, "vars": [], "numCompared": 4}, "phase": 7, "exectime": 5.439729177999993}