{"parsing": 1.980007057000023, "frontend": 0.11973897999999994, "backend": 0.380605108, "simcode": 0.035353219000000005, "templates": 0.117242115, "build": 3.2998264240000026, "sim": 0.16756867700001976, "diff": {"time": 0.013296201999992263, "vars": [], "numCompared": 12}, "phase": 7, "exectime": 6.914687680999975}