{"parsing": 1.9492182209999669, "frontend": 0.102996443, "backend": 0.37539934500000005, "simcode": 0.04168793000000001, "templates": 0.126377586, "build": 3.3427691439999876, "sim": 0.06548763699998972, "diff": {"time": 0.009519279000016923, "vars": [], "numCompared": 10}, "phase": 7, "exectime": 6.854215119000003}