{"parsing": 2.016600125000025, "frontend": 0.14709400800000005, "backend": 0.819644929, "simcode": 0.12076363200000001, "templates": 0.408032452, "build": 5.0628862799999865, "sim": 0.09024825600005215, "diff": {"time": 0.021104582000020855, "vars": [], "numCompared": 22}, "phase": 7, "exectime": 9.513158718}