{"parsing": 2.029396224999971, "frontend": 0.10438253199999992, "backend": 0.3910637750000001, "simcode": 0.03352261699999999, "templates": 0.104489079, "build": 3.2690823930000192, "sim": 0.06083290899999838, "diff": {"time": 0.009268593999991026, "vars": [], "numCompared": 10}, "phase": 7, "exectime": 6.827796257999978}