{"parsing": 2.0232602130000146, "frontend": 0.12387054100000006, "backend": 0.335966487, "simcode": 0.023436245999999994, "templates": 0.09295009500000001, "build": 2.8347572579999962, "sim": 0.16791712200000575, "diff": {"time": 0.007752146999990828, "vars": [], "numCompared": 9}, "phase": 7, "exectime": 6.442770899999999}