{"parsing": 2.068976294999999, "frontend": 0.105126457, "backend": 0.346648336, "simcode": 0.02434399899999999, "templates": 0.08319143100000001, "build": 2.983442953000008, "sim": 0.174993293, "diff": {"time": 0.014466561000006095, "vars": [], "numCompared": 12}, "phase": 7, "exectime": 6.643624157000005}