{"parsing": 2.0291919990000338, "frontend": 0.14983663699999994, "backend": 0.923917536, "simcode": 0.09535632999999999, "templates": 0.424965029, "build": 5.17833841700002, "sim": 0.984905547999972, "diff": {"time": 0.021295248000001266, "vars": [], "numCompared": 24}, "phase": 7, "exectime": 10.642423150000013}