{"parsing": 2.038625779, "frontend": 0.09152449499999998, "backend": 0.04072246000000001, "simcode": 0.012206916000000005, "templates": 0.040387254, "build": 2.430132608000008, "sim": 0.029461120999997092, "diff": {"time": 0.0059775160000299365, "vars": [], "numCompared": 4}, "phase": 7, "exectime": 5.5257632539999975}