{"parsing": 2.002804179000009, "frontend": 0.10708138300000003, "backend": 0.348068861, "simcode": 0.030686698, "templates": 0.102878017, "build": 3.265233224000042, "sim": 0.048147466000045824, "diff": {"time": 0.007954957999970702, "vars": [], "numCompared": 8}, "phase": 7, "exectime": 6.7652383909999685}