{"parsing": 2.0207086080000067, "frontend": 0.10410687499999988, "backend": 0.3429812620000001, "simcode": 0.031966376000000005, "templates": 0.077389026, "build": 3.212700611999992, "sim": 0.046665639000025294, "diff": {"time": 0.0077064810000138095, "vars": [], "numCompared": 8}, "phase": 7, "exectime": 6.701055653999958}