{"parsing": 2.0291911340000297, "frontend": 0.093870213, "backend": 0.05190088599999999, "simcode": 0.015492236, "templates": 0.04595579900000001, "build": 2.5401754380000057, "sim": 0.03362140699999827, "diff": {"time": 0.007221920000006321, "vars": [], "numCompared": 6}, "phase": 7, "exectime": 5.693545663000009}