{"parsing": 2.020395515999951, "frontend": 0.09085076699999999, "backend": 0.052445826, "simcode": 0.013756022, "templates": 0.046778645, "build": 2.4284209799999985, "sim": 0.03719993599997906, "diff": {"time": 0.00600258299999723, "vars": [], "numCompared": 4}, "phase": 7, "exectime": 5.510066526000003}