{"parsing": 2.0171487060000004, "frontend": 0.10250228100000008, "backend": 0.08143620500000004, "simcode": 0.21849709499999997, "templates": 0.059367618, "build": 2.7302640930000166, "sim": 0.03699341000003642, "diff": {"time": 0.0069941919999791935, "vars": [], "numCompared": 6}, "phase": 7, "exectime": 6.098955283999999}