{"parsing": 2.011100885000019, "frontend": 0.10979814399999999, "backend": 0.38477034199999993, "simcode": 0.06093494899999999, "templates": 0.103541254, "build": 3.37186281999999, "sim": 0.06612296700001252, "diff": {"time": 0.0090465690000201, "vars": [], "numCompared": 10}, "phase": 7, "exectime": 6.9711001950000195}