{"parsing": 2.0027843819999873, "frontend": 0.09886676300000002, "backend": 0.357117814, "simcode": 0.034114354999999985, "templates": 0.06672193500000001, "build": 2.939312175999987, "sim": 0.11100403399998982, "diff": {"time": 0.010729655000005778, "vars": [], "numCompared": 7}, "phase": 7, "exectime": 6.454895792000002}