{"parsing": 1.9732175830000074, "frontend": 0.090883729, "backend": 0.05196533899999999, "simcode": 0.015851934000000005, "templates": 0.045730545, "build": 2.514359345999992, "sim": 0.03333895200000825, "diff": {"time": 0.00785273200000347, "vars": [], "numCompared": 6}, "phase": 7, "exectime": 5.578094297999996}