{"parsing": 1.97915752199998, "frontend": 0.09767002899999999, "backend": 0.05133994, "simcode": 0.013669812000000003, "templates": 0.052420204, "build": 2.4068938650000007, "sim": 0.0676513059999877, "diff": {"time": 0.006271482000016704, "vars": [], "numCompared": 5}, "phase": 7, "exectime": 5.470276106}