{"parsing": 2.0234346839999944, "frontend": 0.11619986300000007, "backend": 0.338246423, "simcode": 0.028354494999999993, "templates": 0.076055488, "build": 3.0862359449999985, "sim": 0.043944027999998525, "diff": {"time": 0.009112278000031893, "vars": [], "numCompared": 7}, "phase": 7, "exectime": 6.549426953999955}