{"parsing": 2.031531322000035, "frontend": 0.10711266999999991, "backend": 0.402183952, "simcode": 0.035295204, "templates": 0.08928915700000001, "build": 3.3189228850000063, "sim": 0.06162326899999471, "diff": {"time": 0.009474956000019574, "vars": [], "numCompared": 10}, "phase": 7, "exectime": 6.859719079999991}