{"parsing": 2.035135304999983, "frontend": 0.0899448659999999, "backend": 0.04978995700000001, "simcode": 0.013051527, "templates": 0.043754549, "build": 2.4389634609999575, "sim": 0.030614956999954757, "diff": {"time": 0.005233887999963827, "vars": [], "numCompared": 4}, "phase": 7, "exectime": 5.5294328090000135}