{"parsing": 1.9780387119999858, "frontend": 0.091674398, "backend": 0.05057611199999999, "simcode": 0.011981594999999998, "templates": 0.05274539700000001, "build": 2.377763103999996, "sim": 0.06351446499999724, "diff": {"time": 0.005591282000011688, "vars": [], "numCompared": 5}, "phase": 7, "exectime": 5.449441866000015}