{"parsing": 2.016586103999998, "frontend": 0.10863642499999998, "backend": 0.33366095500000004, "simcode": 0.02755421100000001, "templates": 0.071807676, "build": 3.169065728000021, "sim": 0.047409479999998894, "diff": {"time": 0.009370610999951623, "vars": [], "numCompared": 10}, "phase": 7, "exectime": 6.618647123000017}