{"parsing": 1.9895472040000186, "frontend": 0.08741726699999999, "backend": 0.04101425300000001, "simcode": 0.012287028999999998, "templates": 0.040208359, "build": 2.4184825830000136, "sim": 0.02847651899998027, "diff": {"time": 0.0057550420000325175, "vars": [], "numCompared": 4}, "phase": 7, "exectime": 5.3909728799999925}