{"parsing": 2.0122499290000064, "frontend": 0.10267960199999993, "backend": 0.34829733500000004, "simcode": 0.02926037799999999, "templates": 0.07193854200000001, "build": 3.1421964749999916, "sim": 0.057906683000027215, "diff": {"time": 0.007159561999998232, "vars": [], "numCompared": 7}, "phase": 7, "exectime": 6.590277949000011}