{"parsing": 2.011285077000025, "frontend": 0.09702410299999986, "backend": 0.3404713540000001, "simcode": 0.03313018400000001, "templates": 0.086012143, "build": 3.0555882679999513, "sim": 0.050061761999984355, "diff": {"time": 0.010835032999978012, "vars": [], "numCompared": 14}, "phase": 7, "exectime": 6.509933542999988}