{"parsing": 2.014841058999991, "frontend": 0.10504331899999997, "backend": 0.3616261439999999, "simcode": 0.04231700800000002, "templates": 0.102923722, "build": 3.026127475999999, "sim": 0.06347062500003631, "diff": {"time": 0.010897379999960322, "vars": [], "numCompared": 14}, "phase": 7, "exectime": 6.552958310000008}