{"parsing": 2.020004138000047, "frontend": 0.10703719000000006, "backend": 0.3518039089999999, "simcode": 0.034144823000000005, "templates": 0.100407914, "build": 3.3558954410000297, "sim": 0.04942255600002454, "diff": {"time": 0.012152334000006704, "vars": [], "numCompared": 10}, "phase": 7, "exectime": 6.849827579000021}