{"parsing": 1.9819066709999902, "frontend": 0.093945253, "backend": 0.042153694, "simcode": 0.012108611999999998, "templates": 0.040305668, "build": 2.419043633000001, "sim": 0.028816761000001634, "diff": {"time": 0.005369545999997172, "vars": [], "numCompared": 4}, "phase": 7, "exectime": 5.433391518999997}