{"parsing": 2.004584686000044, "frontend": 0.10172668299999998, "backend": 0.349663816, "simcode": 0.029232617000000002, "templates": 0.083830186, "build": 3.2539547410000296, "sim": 0.04944995199997493, "diff": {"time": 0.00958373800000345, "vars": [], "numCompared": 12}, "phase": 7, "exectime": 6.718037487999993}