{"parsing": 2.0224968919999924, "frontend": 0.10128071499999997, "backend": 0.08159444000000005, "simcode": 0.22257543799999996, "templates": 0.061598627, "build": 2.8153985639999632, "sim": 0.03781949000000395, "diff": {"time": 0.006719863999990139, "vars": [], "numCompared": 6}, "phase": 7, "exectime": 6.158457940999995}