{"parsing": 1.9797196150000218, "frontend": 0.10600091700000008, "backend": 0.36103363899999985, "simcode": 0.03499412199999999, "templates": 0.08858555800000001, "build": 3.334629492000005, "sim": 0.050928276999997024, "diff": {"time": 0.01773516199997971, "vars": [], "numCompared": 16}, "phase": 7, "exectime": 6.801897513}