{"parsing": 2.0104534740000304, "frontend": 0.088819525, "backend": 0.048954046999999994, "simcode": 0.013234509000000005, "templates": 0.043839868, "build": 2.4397060400000328, "sim": 0.03059079499996642, "diff": {"time": 0.005994286999964515, "vars": [], "numCompared": 4}, "phase": 7, "exectime": 5.473811014999967}