{"parsing": 2.0395451190000244, "frontend": 0.08818983899999994, "backend": 0.04851881400000002, "simcode": 0.01144612999999993, "templates": 0.03882734, "build": 2.4118802500000243, "sim": 0.037633792999997695, "diff": {"time": 0.0058472250000249915, "vars": [], "numCompared": 4}, "phase": 7, "exectime": 5.520341552000048}