{"parsing": 1.9856618509999748, "frontend": 0.10401663699999997, "backend": 0.36138868700000004, "simcode": 0.05187467, "templates": 0.11842091, "build": 3.4158834990000173, "sim": 0.05111678299999767, "diff": {"time": 0.009701827000014873, "vars": [], "numCompared": 11}, "phase": 7, "exectime": 6.939617441999985}