{"parsing": 2.0217643780000003, "frontend": 0.093320366, "backend": 0.048453311, "simcode": 0.013130168000000005, "templates": 0.058423066, "build": 2.451601836000009, "sim": 0.030962240000008023, "diff": {"time": 0.0055953169999725105, "vars": [], "numCompared": 4}, "phase": 7, "exectime": 5.5883459369999855}