{"parsing": 2.058560813999975, "frontend": 0.12015832200000004, "backend": 0.36143690900000003, "simcode": 0.036988982000000004, "templates": 0.09554554400000001, "build": 3.3945327080000425, "sim": 0.0517729889999714, "diff": {"time": 0.009376701999997294, "vars": [], "numCompared": 10}, "phase": 7, "exectime": 7.0351158279999595}