{"parsing": 2.008583002000023, "frontend": 0.10392698499999997, "backend": 0.356919016, "simcode": 0.027588847, "templates": 0.073908583, "build": 3.0775092959999597, "sim": 0.17918050299999777, "diff": {"time": 0.013314420999961385, "vars": [], "numCompared": 12}, "phase": 7, "exectime": 6.64078581199999}