{"parsing": 1.9820094549999965, "frontend": 0.10475749000000001, "backend": 0.35549499, "simcode": 0.034630674, "templates": 0.085901402, "build": 3.2799992559999964, "sim": 0.049996625999995103, "diff": {"time": 0.009537083999987317, "vars": [], "numCompared": 10}, "phase": 7, "exectime": 6.711593981999982}