{"parsing": 2.043343243999999, "frontend": 0.11166110100000004, "backend": 0.611530655, "simcode": 0.048241144, "templates": 0.123072738, "build": 3.591734239999994, "sim": 0.3552100499999824, "diff": {"time": 0.009582281000007242, "vars": [], "numCompared": 13}, "phase": 7, "exectime": 7.725117318000002}