{"parsing": 2.0167113009999866, "frontend": 0.10218083600000005, "backend": 0.31786953900000003, "simcode": 0.025133503, "templates": 0.065308318, "build": 3.0853132739999864, "sim": 0.0432473879999975, "diff": {"time": 0.00781617100000176, "vars": [], "numCompared": 8}, "phase": 7, "exectime": 6.466909745999999}