{"parsing": 1.9966698910000105, "frontend": 0.088441258, "backend": 0.042425948000000005, "simcode": 0.012079783000000004, "templates": 0.040083055, "build": 2.4444166060000043, "sim": 0.0289103029999751, "diff": {"time": 0.006811464999998407, "vars": [], "numCompared": 4}, "phase": 7, "exectime": 5.4828388729999915}