{"parsing": 1.991386306000038, "frontend": 0.11877892600000006, "backend": 0.379034156, "simcode": 0.03328245299999999, "templates": 0.08253829900000001, "build": 3.271800617999986, "sim": 0.26592262799999844, "diff": {"time": 0.010594194000020707, "vars": [], "numCompared": 12}, "phase": 7, "exectime": 6.9753479309999875}