{"parsing": 1.9951231389999862, "frontend": 0.09949317899999999, "backend": 0.348108625, "simcode": 0.021136648999999993, "templates": 0.05995349000000001, "build": 2.8345319530000097, "sim": 0.18207365100002448, "diff": {"time": 0.011110935999994354, "vars": [], "numCompared": 9}, "phase": 7, "exectime": 6.31285717099999}