{"parsing": 1.9960514789999593, "frontend": 0.1343993819999999, "backend": 0.357855842, "simcode": 0.03614870799999999, "templates": 0.09185953100000001, "build": 3.3562391619999516, "sim": 0.050882664000027944, "diff": {"time": 0.00893244799999593, "vars": [], "numCompared": 10}, "phase": 7, "exectime": 6.866942100000017}