{"parsing": 2.035422839999967, "frontend": 0.10290601200000005, "backend": 0.339676592, "simcode": 0.03144389199999999, "templates": 0.07471815500000001, "build": 3.0820885050000015, "sim": 0.05015022700001737, "diff": {"time": 0.010983611000028759, "vars": [], "numCompared": 14}, "phase": 7, "exectime": 6.545836472000019}