{"parsing": 1.9843084679999947, "frontend": 0.13697558099999996, "backend": 0.854351195, "simcode": 0.095486462, "templates": 0.3927853139999999, "build": 4.955762794000009, "sim": 0.8317193629999906, "diff": {"time": 0.01787145899999132, "vars": [], "numCompared": 24}, "phase": 7, "exectime": 10.094749184000023}