{"parsing": 2.05163427399998, "frontend": 0.09230475799999999, "backend": 0.050431072, "simcode": 0.013996023999999989, "templates": 0.04505399600000001, "build": 2.4626145889999975, "sim": 0.03124333400000978, "diff": {"time": 0.00530333099999325, "vars": [], "numCompared": 4}, "phase": 7, "exectime": 5.554289544000028}