{"parsing": 1.9906743409999876, "frontend": 0.10909163999999993, "backend": 0.38601104900000005, "simcode": 0.033708344, "templates": 0.10639323, "build": 3.226913824999997, "sim": 0.04973727699999131, "diff": {"time": 0.005481547000016462, "vars": [], "numCompared": 13}, "phase": 7, "exectime": 6.779043812999987}