{"parsing": 1.999443124000038, "frontend": 0.10215841199999998, "backend": 0.08133250200000003, "simcode": 0.220738386, "templates": 0.060726662, "build": 2.831782579999981, "sim": 0.03761828399996148, "diff": {"time": 0.006352357000025677, "vars": [], "numCompared": 6}, "phase": 7, "exectime": 6.157175944000016}