{"parsing": 1.9895087799999942, "frontend": 0.10417443199999998, "backend": 0.380901628, "simcode": 0.04201347800000002, "templates": 0.131828973, "build": 3.2160414859999946, "sim": 0.07264836199999536, "diff": {"time": 0.01914889300002187, "vars": [], "numCompared": 18}, "phase": 7, "exectime": 6.746372087999987}