{"parsing": 2.043166138999993, "frontend": 0.113006993, "backend": 0.367213123, "simcode": 0.03630657000000001, "templates": 0.088804886, "build": 3.2927981370000055, "sim": 0.049348314000013715, "diff": {"time": 0.009291586999978563, "vars": [], "numCompared": 10}, "phase": 7, "exectime": 6.7973193009999875}