{"parsing": 2.0791725309999833, "frontend": 0.09814462499999987, "backend": 0.0818158690000001, "simcode": 0.21667551999999993, "templates": 0.061377828, "build": 2.76573751899997, "sim": 0.0373234329999832, "diff": {"time": 0.007130652000000737, "vars": [], "numCompared": 6}, "phase": 7, "exectime": 6.170301044999974}