{"parsing": 1.9837743619999912, "frontend": 0.09990551799999992, "backend": 0.08115115300000009, "simcode": 0.229038796, "templates": 0.07520376099999992, "build": 2.73049026999999, "sim": 0.03606312499999831, "diff": {"time": 0.00782679700000699, "vars": [], "numCompared": 8}, "phase": 7, "exectime": 6.0475292999999795}