{"parsing": 2.0711985830000117, "frontend": 0.10732266899999998, "backend": 0.362067441, "simcode": 0.03500906100000001, "templates": 0.09395355999999999, "build": 3.2779984410000225, "sim": 0.04918771799998467, "diff": {"time": 0.00922641299996485, "vars": [], "numCompared": 10}, "phase": 7, "exectime": 6.828052649999961}