{"parsing": 1.984865969999987, "frontend": 0.09800124700000001, "backend": 0.082367348, "simcode": 0.217119709, "templates": 0.074584472, "build": 2.728744957999993, "sim": 0.036996543999975984, "diff": {"time": 0.006987846000015452, "vars": [], "numCompared": 6}, "phase": 7, "exectime": 6.042748300000028}