{"parsing": 1.9891491850000307, "frontend": 0.11193864900000006, "backend": 0.397506376, "simcode": 0.04512779300000001, "templates": 0.102265754, "build": 3.5143424130000085, "sim": 0.07606740500000342, "diff": {"time": 0.005493223999962993, "vars": [], "numCompared": 11}, "phase": 7, "exectime": 7.072312044}