{"parsing": 2.0072105419999957, "frontend": 0.10241409499999998, "backend": 0.08365394200000004, "simcode": 0.21769834, "templates": 0.065808873, "build": 2.7361858340000254, "sim": 0.03604238200000509, "diff": {"time": 0.007980999999972482, "vars": [], "numCompared": 8}, "phase": 7, "exectime": 6.083540835999997}