{"parsing": 2.0194548999999995, "frontend": 0.10448755499999995, "backend": 0.361627663, "simcode": 0.036577896, "templates": 0.089662927, "build": 3.357820361000023, "sim": 0.05161883900001385, "diff": {"time": 0.009108382999983178, "vars": [], "numCompared": 10}, "phase": 7, "exectime": 6.803776542999998}