{"parsing": 1.9926800110000045, "frontend": 0.10136771700000002, "backend": 0.08151124399999998, "simcode": 0.221320992, "templates": 0.06050142200000001, "build": 2.8556431520000274, "sim": 0.03839583600000651, "diff": {"time": 0.007786615999975766, "vars": [], "numCompared": 6}, "phase": 7, "exectime": 6.1849156600000015}