{"parsing": 1.9789703630000304, "frontend": 0.11615352599999995, "backend": 0.4519495130000001, "simcode": 0.06049531399999997, "templates": 0.404937706, "build": 3.933218463000003, "sim": 0.18616363399996771, "diff": {"time": 0.010027263999973002, "vars": [], "numCompared": 12}, "phase": 7, "exectime": 7.969028535000007}