{"parsing": 2.00740485700004, "frontend": 0.12437962400000008, "backend": 0.36604374299999987, "simcode": 0.03609501899999999, "templates": 0.09132657500000001, "build": 3.3923382240000137, "sim": 0.052161362999981975, "diff": {"time": 0.009118473999990329, "vars": [], "numCompared": 10}, "phase": 7, "exectime": 6.895331343000009}