{"parsing": 2.0270598729999847, "frontend": 0.099855268, "backend": 0.08224934900000003, "simcode": 0.217394963, "templates": 0.06264133000000001, "build": 2.8490474930000005, "sim": 0.03827556299995649, "diff": {"time": 0.0074095809999903395, "vars": [], "numCompared": 6}, "phase": 7, "exectime": 6.2264117660000124}