{"parsing": 1.974963860999992, "frontend": 0.1033830140000001, "backend": 0.3747732869999999, "simcode": 0.03288711799999999, "templates": 0.088424899, "build": 3.3115666520000104, "sim": 0.17002156800003831, "diff": {"time": 0.009298115000035523, "vars": [], "numCompared": 12}, "phase": 7, "exectime": 6.901633117000017}