{"parsing": 1.9970823240000186, "frontend": 0.09271237099999999, "backend": 0.054599655999999996, "simcode": 0.012969487000000002, "templates": 0.041589555, "build": 2.457526177000034, "sim": 0.03743298599999889, "diff": {"time": 0.005932828000027257, "vars": [], "numCompared": 4}, "phase": 7, "exectime": 5.511810842999978}