{"parsing": 1.9969265879999512, "frontend": 0.101663693, "backend": 0.082127022, "simcode": 0.2212349879999999, "templates": 0.06191549800000001, "build": 2.919403019000015, "sim": 0.03864545400000452, "diff": {"time": 0.007059707999985676, "vars": [], "numCompared": 6}, "phase": 7, "exectime": 6.283335924000028}