{"parsing": 1.994775580999999, "frontend": 0.095394236, "backend": 0.059049721999999985, "simcode": 0.013770131000000012, "templates": 0.042713408, "build": 2.445233486999996, "sim": 0.06685783600002537, "diff": {"time": 0.0062284409999904256, "vars": [], "numCompared": 5}, "phase": 7, "exectime": 5.544627446000021}