{"parsing": 1.9902678550000132, "frontend": 0.10411413700000005, "backend": 0.36142583100000003, "simcode": 0.029366296, "templates": 0.089886016, "build": 3.1978717359999678, "sim": 0.18567765099999178, "diff": {"time": 0.008892338999999083, "vars": [], "numCompared": 10}, "phase": 7, "exectime": 6.777431552999985}