{"parsing": 2.0135669800000073, "frontend": 0.10858214399999999, "backend": 0.364333546, "simcode": 0.03592929299999999, "templates": 0.09319147700000001, "build": 3.3911961539999993, "sim": 0.05183271099997455, "diff": {"time": 0.008347951000018838, "vars": [], "numCompared": 10}, "phase": 7, "exectime": 6.902019780999979}