{"parsing": 1.985362254999984, "frontend": 0.091556605, "backend": 0.057718083, "simcode": 0.012725677999999997, "templates": 0.043814842, "build": 2.4500205370000003, "sim": 0.06595459899997991, "diff": {"time": 0.005645419000018137, "vars": [], "numCompared": 5}, "phase": 7, "exectime": 5.5307717290000085}