{"parsing": 1.9941123519999735, "frontend": 0.10229044599999998, "backend": 0.338805345, "simcode": 0.027570447999999997, "templates": 0.083836879, "build": 3.066925253000022, "sim": 0.04374700999997572, "diff": {"time": 0.006906412999995837, "vars": [], "numCompared": 7}, "phase": 7, "exectime": 6.520855883000024}