{"parsing": 2.0035765640000136, "frontend": 0.10723298600000009, "backend": 0.3671146769999999, "simcode": 0.03436807999999998, "templates": 0.09905343400000001, "build": 3.3145302880000145, "sim": 0.06211862400004975, "diff": {"time": 0.00844790200000034, "vars": [], "numCompared": 10}, "phase": 7, "exectime": 6.843518948999986}