{"parsing": 1.9672782040000243, "frontend": 0.10535126800000005, "backend": 0.351473306, "simcode": 0.03460989599999999, "templates": 0.088187465, "build": 3.283659779000004, "sim": 0.04854021500000272, "diff": {"time": 0.009208526999998412, "vars": [], "numCompared": 10}, "phase": 7, "exectime": 6.691015581999977}