{"parsing": 1.9930039939999915, "frontend": 0.10034805899999999, "backend": 0.35392376000000003, "simcode": 0.029856671999999987, "templates": 0.08035367900000001, "build": 3.245785499999897, "sim": 0.11011340300001393, "diff": {"time": 0.007777132000001075, "vars": [], "numCompared": 7}, "phase": 7, "exectime": 6.749471735000043}