{"parsing": 1.97594898899996, "frontend": 0.09395675499999999, "backend": 0.051008426999999995, "simcode": 0.015479829999999993, "templates": 0.05662856600000001, "build": 2.507687849999968, "sim": 0.032443757999999434, "diff": {"time": 0.00901222299995652, "vars": [], "numCompared": 6}, "phase": 7, "exectime": 5.532591946000025}