{"parsing": 1.9977873779999982, "frontend": 0.10325698400000005, "backend": 0.33610897, "simcode": 0.02988862199999999, "templates": 0.09602590500000001, "build": 3.159923835000029, "sim": 0.04597899300000563, "diff": {"time": 0.00823738899998716, "vars": [], "numCompared": 8}, "phase": 7, "exectime": 6.592016940000008}