{"parsing": 1.971155701999976, "frontend": 0.079380242, "backend": 0.009200135999999998, "simcode": 0.0042125949999999995, "templates": 0.022048865, "build": 2.0162988419999692, "sim": 0.021495152999989386, "diff": {"time": 0.006278285999997024, "vars": [], "numCompared": 3}, "phase": 7, "exectime": 4.933710167999976}