{"parsing": 1.9929709140000114, "frontend": 0.11881010399999992, "backend": 0.455003457, "simcode": 0.05975166900000001, "templates": 0.37282714, "build": 3.9604291559999183, "sim": 0.18770538800004033, "diff": {"time": 0.009878721000063706, "vars": [], "numCompared": 12}, "phase": 7, "exectime": 7.981451060999973}