{"parsing": 1.9947959970000397, "frontend": 0.09642675700000003, "backend": 0.338576958, "simcode": 0.02876525499999999, "templates": 0.07146298000000001, "build": 3.0970663690000038, "sim": 0.04648655300002247, "diff": {"time": 0.007693386000028113, "vars": [], "numCompared": 7}, "phase": 7, "exectime": 6.4746228440000095}