{"parsing": 2.0015483420000066, "frontend": 0.10424276299999999, "backend": 0.022232869999999967, "simcode": 0.00685985300000002, "templates": 0.03479406899999993, "build": 2.1774860250000074, "sim": 0.02606414999999629, "diff": {"time": 0.004362401000008731, "vars": [], "numCompared": 2}, "phase": 7, "exectime": 5.215442043999985}