{"parsing": 2.0039491720000058, "frontend": 0.09080924899999998, "backend": 0.01602333900000001, "simcode": 0.0074660149999999995, "templates": 0.031623507, "build": 2.235875243999999, "sim": 0.023698041000017156, "diff": {"time": 0.004615341999993916, "vars": [], "numCompared": 2}, "phase": 7, "exectime": 5.258877780000006}