{"parsing": 1.9765981840000109, "frontend": 0.14638624300000003, "backend": 0.8873516050000001, "simcode": 0.094519664, "templates": 0.3970351599999999, "build": 5.099657701000012, "sim": 1.0118430609999791, "diff": {"time": 0.020632951000038702, "vars": [], "numCompared": 24}, "phase": 7, "exectime": 10.448091180000006}