{"parsing": 2.081022560000008, "frontend": 0.09925193800000004, "backend": 0.08268209999999998, "simcode": 0.22810232500000005, "templates": 0.06204992899999995, "build": 2.7461196869999753, "sim": 0.0364942549999796, "diff": {"time": 0.007294325000032131, "vars": [], "numCompared": 8}, "phase": 7, "exectime": 6.156416932000013}