{"parsing": 2.0229960830000095, "frontend": 0.11757092200000008, "backend": 0.344738624, "simcode": 0.02163626500000001, "templates": 0.060288712, "build": 2.849656591000013, "sim": 0.11026156599999126, "diff": {"time": 0.0071003509999911785, "vars": [], "numCompared": 6}, "phase": 7, "exectime": 6.340261404999978}