{"parsing": 1.9687151560000018, "frontend": 0.089794504, "backend": 0.05718411200000001, "simcode": 0.014369687999999985, "templates": 0.04451720300000001, "build": 2.432894435999998, "sim": 0.06742781099998751, "diff": {"time": 0.006429013999991184, "vars": [], "numCompared": 5}, "phase": 7, "exectime": 5.4929365210000185}