{"parsing": 2.0084846920000246, "frontend": 0.10262586099999993, "backend": 0.35754067300000003, "simcode": 0.028942925999999994, "templates": 0.07737075, "build": 3.107901243000015, "sim": 0.18685101999994913, "diff": {"time": 0.009047033999991072, "vars": [], "numCompared": 10}, "phase": 7, "exectime": 6.692231848999995}