{"parsing": 2.0464078520000157, "frontend": 0.105023431, "backend": 0.35325683099999994, "simcode": 0.03387674299999999, "templates": 0.084586214, "build": 3.335376163000035, "sim": 0.05368581200002609, "diff": {"time": 0.022500477000050978, "vars": [], "numCompared": 14}, "phase": 7, "exectime": 6.841086238999992}