{"parsing": 2.0389938729999812, "frontend": 0.110892459, "backend": 0.59521232, "simcode": 0.04825791900000001, "templates": 0.107635076, "build": 3.5649230270000203, "sim": 0.3287447900000018, "diff": {"time": 0.009384833000012804, "vars": [], "numCompared": 13}, "phase": 7, "exectime": 7.619741131000012}