{"parsing": 2.0311944979999907, "frontend": 0.09453598499999999, "backend": 0.06999160300000001, "simcode": 0.016688409999999987, "templates": 0.269120957, "build": 2.5944074470000373, "sim": 0.0338481960000081, "diff": {"time": 0.005656419999979789, "vars": [], "numCompared": 5}, "phase": 7, "exectime": 5.9360362049999935}