{"parsing": 1.98480261200001, "frontend": 0.09221244199999999, "backend": 0.057070833999999994, "simcode": 0.012593887000000005, "templates": 0.043385652, "build": 2.4154602330000046, "sim": 0.06677234299999668, "diff": {"time": 0.0061749409999833915, "vars": [], "numCompared": 5}, "phase": 7, "exectime": 5.486453861000001}