{"parsing": 2.081096007000042, "frontend": 0.100475751, "backend": 0.08187623699999996, "simcode": 0.22002819300000004, "templates": 0.062598844, "build": 2.7765187589999982, "sim": 0.03781314900004418, "diff": {"time": 0.006384700000012344, "vars": [], "numCompared": 6}, "phase": 7, "exectime": 6.198093229000051}