{"parsing": 2.0799412690000167, "frontend": 0.11527378399999999, "backend": 0.408374018, "simcode": 0.05552013300000003, "templates": 0.328608902, "build": 3.771679081000002, "sim": 0.060311543000011625, "diff": {"time": 0.013446809000015492, "vars": [], "numCompared": 13}, "phase": 7, "exectime": 7.6542150009999546}