{"parsing": 2.0455714629999875, "frontend": 0.08593991899999999, "backend": 0.053838085, "simcode": 0.012782504, "templates": 0.041234865, "build": 2.4470907400000215, "sim": 0.03810609300001033, "diff": {"time": 0.007789422999962881, "vars": [], "numCompared": 4}, "phase": 7, "exectime": 5.595060754000031}