{"parsing": 1.9812524430000167, "frontend": 0.10425243100000003, "backend": 0.3561025689999999, "simcode": 0.03518542399999999, "templates": 0.085759999, "build": 3.2570780830000103, "sim": 0.05055857499996819, "diff": {"time": 0.012471172000005026, "vars": [], "numCompared": 10}, "phase": 7, "exectime": 6.724524858999985}