{"parsing": 1.9972654150000153, "frontend": 0.10967543800000001, "backend": 0.368767833, "simcode": 0.03766366099999999, "templates": 0.111516525, "build": 3.37458495300001, "sim": 0.05128222499999424, "diff": {"time": 0.009146354000023393, "vars": [], "numCompared": 10}, "phase": 7, "exectime": 6.888150456000005}