{"parsing": 2.025598537999997, "frontend": 0.09337560099999999, "backend": 0.048537911, "simcode": 0.012978574, "templates": 0.042995364, "build": 2.4100760620000017, "sim": 0.030846257000007427, "diff": {"time": 0.006321737000007488, "vars": [], "numCompared": 4}, "phase": 7, "exectime": 5.482505014999987}