{"parsing": 2.017198291999989, "frontend": 0.11974708200000006, "backend": 0.40771785299999996, "simcode": 0.05407814300000002, "templates": 0.325398341, "build": 3.715070284000035, "sim": 0.05903799700001855, "diff": {"time": 0.015623594000032881, "vars": [], "numCompared": 13}, "phase": 7, "exectime": 7.479750602999957}