{"parsing": 2.0638544010000146, "frontend": 0.091790194, "backend": 0.05412163400000001, "simcode": 0.011982857999999985, "templates": 0.04109265500000001, "build": 2.4248481899999774, "sim": 0.03808845500003599, "diff": {"time": 0.005371900000000096, "vars": [], "numCompared": 4}, "phase": 7, "exectime": 5.527038681999954}