{"parsing": 1.995787291000056, "frontend": 0.11559587500000007, "backend": 0.357746161, "simcode": 0.03515343499999998, "templates": 0.08789146399999992, "build": 3.360477017999983, "sim": 0.04994653300002483, "diff": {"time": 0.009413730000005671, "vars": [], "numCompared": 10}, "phase": 7, "exectime": 6.8599705709999625}