{"parsing": 2.0953399210000043, "frontend": 0.08835769200000002, "backend": 0.054004685999999996, "simcode": 0.012438562999999986, "templates": 0.05337066200000001, "build": 2.4390760850000106, "sim": 0.03771047800000815, "diff": {"time": 0.005779157999995732, "vars": [], "numCompared": 4}, "phase": 7, "exectime": 5.634056115000021}