{"parsing": 2.005527895, "frontend": 0.10796698500000002, "backend": 0.366063295, "simcode": 0.03362027499999999, "templates": 0.08673243700000001, "build": 3.272449423000012, "sim": 0.06164413799996282, "diff": {"time": 0.00944833899995956, "vars": [], "numCompared": 10}, "phase": 7, "exectime": 6.766104459000019}