{"parsing": 2.113043773999948, "frontend": 0.10670382199999995, "backend": 0.361030046, "simcode": 0.029871495999999997, "templates": 0.079605097, "build": 3.1390567309999824, "sim": 0.185205131000032, "diff": {"time": 0.012825179999992997, "vars": [], "numCompared": 10}, "phase": 7, "exectime": 6.839885514000002}