{"parsing": 2.01859974599995, "frontend": 0.15050947400000014, "backend": 0.8800513089999998, "simcode": 0.09182813100000009, "templates": 0.413026935, "build": 4.978956654000001, "sim": 0.881384206000007, "diff": {"time": 0.024827072999983102, "vars": [], "numCompared": 24}, "phase": 7, "exectime": 10.269945135}