{"parsing": 2.044341385999985, "frontend": 0.09865529799999995, "backend": 0.08490438500000003, "simcode": 0.217856245, "templates": 0.07802276100000001, "build": 2.802758191999999, "sim": 0.037440861999982644, "diff": {"time": 0.008588209999970786, "vars": [], "numCompared": 9}, "phase": 7, "exectime": 6.2155982869999775}