{"parsing": 1.9743771980000133, "frontend": 0.09065750199999999, "backend": 0.050106596, "simcode": 0.011495959, "templates": 0.03911088, "build": 2.3939959840000142, "sim": 0.03687532200001442, "diff": {"time": 0.0078043750000347245, "vars": [], "numCompared": 4}, "phase": 7, "exectime": 5.422928040999977}