{"parsing": 2.0684398600000122, "frontend": 0.09973088600000002, "backend": 0.352994528, "simcode": 0.034570067999999995, "templates": 0.083904429, "build": 3.3251107880000177, "sim": 0.05392389599995795, "diff": {"time": 0.025171134999993683, "vars": [], "numCompared": 14}, "phase": 7, "exectime": 6.8529765010000006}