{"parsing": 1.992518151000013, "frontend": 0.10869529500000008, "backend": 0.377222744, "simcode": 0.036038587, "templates": 0.09447939100000001, "build": 3.406040864999966, "sim": 0.06723594199996796, "diff": {"time": 0.00931122399998685, "vars": [], "numCompared": 10}, "phase": 7, "exectime": 6.936722028999952}