{"parsing": 1.9851842019999992, "frontend": 0.11222953200000002, "backend": 0.36879273, "simcode": 0.035437678999999986, "templates": 0.08756685800000001, "build": 3.3635772209999857, "sim": 0.04986384299999713, "diff": {"time": 0.012439845000017158, "vars": [], "numCompared": 10}, "phase": 7, "exectime": 6.860920978999985}