{"parsing": 2.006391140000005, "frontend": 0.1387597730000001, "backend": 0.824352612, "simcode": 0.15552917199999994, "templates": 0.402392964, "build": 5.094654214000002, "sim": 0.09059680299998263, "diff": {"time": 0.028753780999977607, "vars": [], "numCompared": 22}, "phase": 7, "exectime": 9.573394191999995}