{"parsing": 1.977435061000051, "frontend": 0.13202571699999988, "backend": 0.786361638, "simcode": 0.098595618, "templates": 0.394882626, "build": 4.97308532400001, "sim": 0.08921342700000423, "diff": {"time": 0.021224415000006047, "vars": [], "numCompared": 22}, "phase": 7, "exectime": 9.300635757999999}