{"parsing": 2.0182781920000252, "frontend": 0.12084829000000002, "backend": 0.36073164300000005, "simcode": 0.03511316099999999, "templates": 0.089922294, "build": 3.354201119000038, "sim": 0.04939942300001121, "diff": {"time": 0.012717774000009285, "vars": [], "numCompared": 10}, "phase": 7, "exectime": 6.856578325999976}