{"parsing": 2.0279515349999997, "frontend": 0.10434789300000002, "backend": 0.354458486, "simcode": 0.024009587000000013, "templates": 0.066255283, "build": 2.928680180000015, "sim": 0.11027342400001316, "diff": {"time": 0.007177115999979833, "vars": [], "numCompared": 7}, "phase": 7, "exectime": 6.437372874000005}