{"parsing": 1.9900827019999952, "frontend": 0.10676326900000005, "backend": 0.358309512, "simcode": 0.03471746199999999, "templates": 0.087683325, "build": 3.3888551099999518, "sim": 0.04979111500000499, "diff": {"time": 0.009112587999993593, "vars": [], "numCompared": 10}, "phase": 7, "exectime": 6.890336985999966}