{"parsing": 1.9918308759999945, "frontend": 0.10220190000000001, "backend": 0.35875923800000004, "simcode": 0.029091221999999986, "templates": 0.08488221800000001, "build": 3.145843556999978, "sim": 0.1853635609999742, "diff": {"time": 0.008443251000016971, "vars": [], "numCompared": 10}, "phase": 7, "exectime": 6.733575645999963}