{"parsing": 1.974988983000003, "frontend": 0.08814929799999999, "backend": 0.04049472900000001, "simcode": 0.011688663000000002, "templates": 0.040479738, "build": 2.4004190530000074, "sim": 0.029180668999970294, "diff": {"time": 0.00759550399999398, "vars": [], "numCompared": 4}, "phase": 7, "exectime": 5.385060739000039}