{"parsing": 1.9697150339999894, "frontend": 0.10232133300000001, "backend": 0.3662675000000001, "simcode": 0.030704983999999963, "templates": 0.08107778199999993, "build": 3.1475175759999843, "sim": 0.19135066000001189, "diff": {"time": 0.008675014999994346, "vars": [], "numCompared": 10}, "phase": 7, "exectime": 6.7559015489999865}