{"parsing": 2.0107576199999926, "frontend": 0.10102992700000002, "backend": 0.081166391, "simcode": 0.219813092, "templates": 0.06121622300000001, "build": 2.758165120000001, "sim": 0.03713505400003214, "diff": {"time": 0.006350813999972615, "vars": [], "numCompared": 6}, "phase": 7, "exectime": 6.111694483000008}