{"parsing": 1.9962427279999702, "frontend": 0.16619981299999997, "backend": 1.2002193010000002, "simcode": 0.12606265699999997, "templates": 0.465640037, "build": 6.144028404999972, "sim": 0.2292307449999953, "diff": {"time": 0.02360940500000197, "vars": [], "numCompared": 27}, "phase": 7, "exectime": 11.167974373999982}