{"parsing": 1.9894724209999595, "frontend": 0.14168220900000006, "backend": 0.872431757, "simcode": 0.09877667500000009, "templates": 0.400030374, "build": 5.122116787000039, "sim": 0.9692330060000245, "diff": {"time": 0.020962075999989338, "vars": [], "numCompared": 24}, "phase": 7, "exectime": 10.416225545000032}