{"parsing": 2.1078473750000057, "frontend": 0.10605780200000009, "backend": 0.33232435899999996, "simcode": 0.028533542999999995, "templates": 0.07304917300000001, "build": 3.104936751999958, "sim": 0.04724350500003993, "diff": {"time": 0.009471248000011201, "vars": [], "numCompared": 10}, "phase": 7, "exectime": 6.614867991999972}