{"parsing": 1.9917470170000229, "frontend": 0.09533475699999999, "backend": 0.061899157999999996, "simcode": 0.016742220000000002, "templates": 0.070511156, "build": 2.4355250179999928, "sim": 0.0678565009999943, "diff": {"time": 0.0063829329999975926, "vars": [], "numCompared": 5}, "phase": 7, "exectime": 5.549090145000008}