{"parsing": 1.9949011449999716, "frontend": 0.10720259700000007, "backend": 0.373387278, "simcode": 0.033138742, "templates": 0.084560481, "build": 3.222912753999992, "sim": 0.06080239199997095, "diff": {"time": 0.012155948000042827, "vars": [], "numCompared": 10}, "phase": 7, "exectime": 6.697718473999998}