{"parsing": 1.9957699120000143, "frontend": 0.10772997700000014, "backend": 0.34286021499999986, "simcode": 0.03231883499999999, "templates": 0.09200109100000001, "build": 3.2228008619999855, "sim": 0.04596062399997436, "diff": {"time": 0.010939429000018208, "vars": [], "numCompared": 8}, "phase": 7, "exectime": 6.670242723999991}