{"parsing": 2.056375910999975, "frontend": 0.09212538600000003, "backend": 0.07515623299999996, "simcode": 0.015732416000000027, "templates": 0.259309511, "build": 2.560963737999998, "sim": 0.04185184699997535, "diff": {"time": 0.00596916400002101, "vars": [], "numCompared": 4}, "phase": 7, "exectime": 5.931639920000009}