{"parsing": 1.9838571980000097, "frontend": 0.09433728499999999, "backend": 0.042099623, "simcode": 0.013994518999999997, "templates": 0.041271241, "build": 2.429288219, "sim": 0.028574958999996625, "diff": {"time": 0.007891430999990234, "vars": [], "numCompared": 4}, "phase": 7, "exectime": 5.474577329000027}