{"parsing": 2.009198937000008, "frontend": 0.1250335110000001, "backend": 0.3575089479999999, "simcode": 0.03659318299999999, "templates": 0.09298624700000001, "build": 3.4879265449999934, "sim": 0.0521864810000352, "diff": {"time": 0.010006887999963965, "vars": [], "numCompared": 11}, "phase": 7, "exectime": 6.994306123999991}