{"parsing": 2.109074061000001, "frontend": 0.10074306600000005, "backend": 0.33895396499999997, "simcode": 0.032258169, "templates": 0.09580488300000001, "build": 3.233037388000014, "sim": 0.04685342200002651, "diff": {"time": 0.01031693400000222, "vars": [], "numCompared": 8}, "phase": 7, "exectime": 6.786117674000025}