{"parsing": 2.067536352000019, "frontend": 0.08444715500000011, "backend": 0.009031377999999979, "simcode": 0.00435180199999996, "templates": 0.02209447099999995, "build": 2.0836397420000026, "sim": 0.021855041000009123, "diff": {"time": 0.006538062999993599, "vars": [], "numCompared": 3}, "phase": 7, "exectime": 5.118866766999986}