{"parsing": 2.0388975940000478, "frontend": 0.09221998299999999, "backend": 0.04306352000000001, "simcode": 0.012008814999999985, "templates": 0.04747383500000001, "build": 2.4019962819999705, "sim": 0.03136208299997634, "diff": {"time": 0.005974691000005805, "vars": [], "numCompared": 4}, "phase": 7, "exectime": 5.506383705000019}