{"parsing": 2.0104995359999975, "frontend": 0.10742956200000003, "backend": 0.365514511, "simcode": 0.037393817999999995, "templates": 0.09292357600000001, "build": 3.407258155999955, "sim": 0.05218178000001217, "diff": {"time": 0.00979330000001255, "vars": [], "numCompared": 10}, "phase": 7, "exectime": 6.92833017800001}