{"parsing": 2.0018034099999795, "frontend": 0.10520025100000002, "backend": 0.35428844600000003, "simcode": 0.024820840000000066, "templates": 0.06955986399999992, "build": 2.9702509799999746, "sim": 0.11079970200000844, "diff": {"time": 0.008011609999982738, "vars": [], "numCompared": 7}, "phase": 7, "exectime": 6.4562786840000115}