{"parsing": 2.003601248999999, "frontend": 0.08495639899999999, "backend": 0.007491552000000012, "simcode": 0.003714307, "templates": 0.021623837, "build": 2.0052163889999974, "sim": 0.021931957999996143, "diff": {"time": 0.005309073999995917, "vars": [], "numCompared": 4}, "phase": 7, "exectime": 4.977918170999999}