{"parsing": 2.0127890689999504, "frontend": 0.10814147800000007, "backend": 0.366308183, "simcode": 0.04144138600000001, "templates": 0.087626569, "build": 3.353561925000008, "sim": 0.05757720200000449, "diff": {"time": 0.019355304999976397, "vars": [], "numCompared": 18}, "phase": 7, "exectime": 6.857275527000013}