{"parsing": 1.9924497730000326, "frontend": 0.10333081899999996, "backend": 0.317791665, "simcode": 0.025267582999999996, "templates": 0.06603755700000001, "build": 2.95125553500003, "sim": 0.04314823099997511, "diff": {"time": 0.008178975000021182, "vars": [], "numCompared": 8}, "phase": 7, "exectime": 6.3203121550000105}