{"parsing": 1.976442832000032, "frontend": 0.10684723600000001, "backend": 0.38401503200000003, "simcode": 0.037614074, "templates": 0.089711066, "build": 3.284582601000011, "sim": 0.06131215599998541, "diff": {"time": 0.01267453499997373, "vars": [], "numCompared": 10}, "phase": 7, "exectime": 6.75891847500003}