{"parsing": 1.992443116000004, "frontend": 0.11101826100000001, "backend": 0.38073192499999997, "simcode": 0.03337010699999998, "templates": 0.08908705500000001, "build": 3.383874794999997, "sim": 0.17403934399999343, "diff": {"time": 0.00909892600003559, "vars": [], "numCompared": 12}, "phase": 7, "exectime": 7.024073506999969}