{"parsing": 1.9944307069999923, "frontend": 0.10256957600000005, "backend": 0.340924691, "simcode": 0.030789664999999994, "templates": 0.081457449, "build": 3.2272513200000503, "sim": 0.04779199399996514, "diff": {"time": 0.008150639999996656, "vars": [], "numCompared": 8}, "phase": 7, "exectime": 6.638391535999972}