{"parsing": 2.018071477999996, "frontend": 0.10711713599999995, "backend": 0.396031028, "simcode": 0.033472962999999994, "templates": 0.090325867, "build": 3.207051849999999, "sim": 0.05077476700000716, "diff": {"time": 0.005515448000011247, "vars": [], "numCompared": 13}, "phase": 7, "exectime": 6.725788152999996}