{"parsing": 1.985619798000016, "frontend": 0.09477812000000002, "backend": 0.08107390399999997, "simcode": 0.216540046, "templates": 0.060111318, "build": 2.751052899000001, "sim": 0.03817390599999726, "diff": {"time": 0.008895042000006015, "vars": [], "numCompared": 6}, "phase": 7, "exectime": 6.0376429359999975}