{"parsing": 1.9898772779999945, "frontend": 0.099383253, "backend": 0.05841521499999999, "simcode": 0.014392034000000005, "templates": 0.054136598, "build": 2.4451846940000053, "sim": 0.0682131960000163, "diff": {"time": 0.0061351399999978184, "vars": [], "numCompared": 5}, "phase": 7, "exectime": 5.541743631999992}