{"parsing": 2.009030291999977, "frontend": 0.095280714, "backend": 0.049792721, "simcode": 0.012998772000000006, "templates": 0.053035388, "build": 2.3979179760000022, "sim": 0.031224189999988994, "diff": {"time": 0.005970511000015222, "vars": [], "numCompared": 4}, "phase": 7, "exectime": 5.473835677000011}