{"parsing": 2.019882604999964, "frontend": 0.10524811099999998, "backend": 0.335779108, "simcode": 0.030803808000000002, "templates": 0.077971497, "build": 3.1933287490000453, "sim": 0.04702732900000228, "diff": {"time": 0.00842352199998686, "vars": [], "numCompared": 8}, "phase": 7, "exectime": 6.6551607709999985}