{"parsing": 1.968109056000003, "frontend": 0.136293149, "backend": 0.383693599, "simcode": 0.03436637199999999, "templates": 0.106225855, "build": 3.3773046809999983, "sim": 0.16686090700000022, "diff": {"time": 0.009146131000022706, "vars": [], "numCompared": 12}, "phase": 7, "exectime": 6.989662047999957}