{"parsing": 2.101794479000006, "frontend": 0.08210796499999998, "backend": 0.007836010000000011, "simcode": 0.005271741999999989, "templates": 0.03256957100000001, "build": 1.983961163999993, "sim": 0.026293365999976004, "diff": {"time": 0.008140384000000722, "vars": [], "numCompared": 4}, "phase": 7, "exectime": 5.083848361000008}