{"parsing": 1.9938561419999985, "frontend": 0.095448697, "backend": 0.016075099000000016, "simcode": 0.007779398999999999, "templates": 0.034358518, "build": 2.1400314059999914, "sim": 0.023760417000005418, "diff": {"time": 0.004540114999997513, "vars": [], "numCompared": 2}, "phase": 7, "exectime": 5.125904990999999}