{"parsing": 2.0721988919999603, "frontend": 0.10025901799999992, "backend": 0.34500512900000013, "simcode": 0.029362447, "templates": 0.07654798, "build": 3.1515061270000047, "sim": 0.04711484099999552, "diff": {"time": 0.007207812999979524, "vars": [], "numCompared": 7}, "phase": 7, "exectime": 6.639866691999998}