{"parsing": 2.0169371999999726, "frontend": 0.10119010999999989, "backend": 0.350895367, "simcode": 0.03450672299999999, "templates": 0.086903007, "build": 3.329452831000026, "sim": 0.049579001999973116, "diff": {"time": 0.01155418300004385, "vars": [], "numCompared": 10}, "phase": 7, "exectime": 6.805409472000008}