{"parsing": 1.9783717149999802, "frontend": 0.1384260879999999, "backend": 0.9182003080000001, "simcode": 0.09322565899999996, "templates": 0.398540119, "build": 4.94767262900001, "sim": 0.8447438489999968, "diff": {"time": 0.02850978299994722, "vars": [], "numCompared": 24}, "phase": 7, "exectime": 10.21417290200003}