{"parsing": 1.9806283069999608, "frontend": 0.104480935, "backend": 0.37832661, "simcode": 0.036825182, "templates": 0.097039788, "build": 3.3798347000000035, "sim": 0.08213026300001047, "diff": {"time": 0.009388756000021203, "vars": [], "numCompared": 10}, "phase": 7, "exectime": 6.897904159999996}