{"parsing": 1.970623729999943, "frontend": 0.11230269700000006, "backend": 0.43869645999999995, "simcode": 0.04928602600000004, "templates": 0.311982116, "build": 3.4868620899999314, "sim": 0.2557520560000057, "diff": {"time": 0.011643103000096744, "vars": [], "numCompared": 14}, "phase": 7, "exectime": 7.450544438000065}