{"parsing": 2.0551711350000232, "frontend": 0.10208085299999997, "backend": 0.08162725800000004, "simcode": 0.22092458199999998, "templates": 0.06245022400000001, "build": 2.7446610979999946, "sim": 0.03873301599998058, "diff": {"time": 0.006590558000027613, "vars": [], "numCompared": 6}, "phase": 7, "exectime": 6.131711709000001}