{"parsing": 2.0011666890000015, "frontend": 0.09440041199999999, "backend": 0.04876437299999999, "simcode": 0.01287971000000001, "templates": 0.043919057, "build": 2.4493126590000145, "sim": 0.03147673800000916, "diff": {"time": 0.005880021999985274, "vars": [], "numCompared": 4}, "phase": 7, "exectime": 5.529504693999996}