{"parsing": 2.0234666110000035, "frontend": 0.09270595999999989, "backend": 0.04366334400000001, "simcode": 0.013861072000000002, "templates": 0.056036615, "build": 2.3961925680000036, "sim": 0.029700264000041443, "diff": {"time": 0.005912716000011642, "vars": [], "numCompared": 4}, "phase": 7, "exectime": 5.487040069999978}