{"parsing": 2.0033379660000037, "frontend": 0.108225609, "backend": 0.35722277999999996, "simcode": 0.035151612, "templates": 0.107724754, "build": 3.316435442999989, "sim": 0.05028402099998175, "diff": {"time": 0.012344966999989992, "vars": [], "numCompared": 10}, "phase": 7, "exectime": 6.847204719000047}