{"parsing": 1.9814339429999563, "frontend": 0.11737635199999996, "backend": 0.45577489599999993, "simcode": 0.060894945000000034, "templates": 0.373873796, "build": 3.966862421999963, "sim": 0.18476887799999986, "diff": {"time": 0.009922963000008167, "vars": [], "numCompared": 12}, "phase": 7, "exectime": 7.963239929999986}