{"parsing": 1.9697839579999936, "frontend": 0.09756563500000004, "backend": 0.08098271799999995, "simcode": 0.221816316, "templates": 0.05897472500000001, "build": 2.716086425999947, "sim": 0.03668750299999601, "diff": {"time": 0.006950727999992523, "vars": [], "numCompared": 6}, "phase": 7, "exectime": 6.017660723000006}