{"parsing": 2.0367213840000318, "frontend": 0.1085074439999999, "backend": 0.3598927660000001, "simcode": 0.034132228999999986, "templates": 0.08820768400000001, "build": 3.3042180930000313, "sim": 0.04929917600003364, "diff": {"time": 0.009261331000004702, "vars": [], "numCompared": 10}, "phase": 7, "exectime": 6.808039912000027}