{"parsing": 2.068638070999981, "frontend": 0.093176189, "backend": 0.042237791000000004, "simcode": 0.011920991999999984, "templates": 0.04766186400000001, "build": 2.4044492029999844, "sim": 0.02916711599999644, "diff": {"time": 0.00760002699999518, "vars": [], "numCompared": 4}, "phase": 7, "exectime": 5.506342504999992}