{"parsing": 2.040373665000004, "frontend": 0.09016991699999999, "backend": 0.048333317, "simcode": 0.011543727000000004, "templates": 0.039857145, "build": 2.381871425999975, "sim": 0.03748980299997129, "diff": {"time": 0.005796242000030816, "vars": [], "numCompared": 4}, "phase": 7, "exectime": 5.494056535000027}