{"parsing": 2.014625193000029, "frontend": 0.10816373200000007, "backend": 0.378862465, "simcode": 0.033451850000000005, "templates": 0.086722331, "build": 3.2553392180000174, "sim": 0.06147931699996434, "diff": {"time": 0.009167375000004085, "vars": [], "numCompared": 10}, "phase": 7, "exectime": 6.784616950999975}