{"parsing": 1.9975943669999765, "frontend": 0.14177846699999996, "backend": 0.7993521700000001, "simcode": 0.064614112, "templates": 0.3690890649999999, "build": 4.650257162000003, "sim": 0.3062614789999998, "diff": {"time": 0.019881584000017938, "vars": [], "numCompared": 21}, "phase": 7, "exectime": 9.165413936999983}