{"parsing": 2.001412641999991, "frontend": 0.108302542, "backend": 0.35759075, "simcode": 0.03497806799999999, "templates": 0.09096119400000001, "build": 3.2879373639999585, "sim": 0.04973910500001466, "diff": {"time": 0.010403086999986044, "vars": [], "numCompared": 10}, "phase": 7, "exectime": 6.778645992999998}