{"parsing": 2.051201993999996, "frontend": 0.10828613100000012, "backend": 0.3744483589999999, "simcode": 0.034453389000000056, "templates": 0.08786168799999994, "build": 3.201033394000035, "sim": 0.19039021699995828, "diff": {"time": 0.008625279000000319, "vars": [], "numCompared": 10}, "phase": 7, "exectime": 6.902470684000036}