{"parsing": 2.0026010849999807, "frontend": 0.10336973399999994, "backend": 0.3431741450000001, "simcode": 0.03002369299999999, "templates": 0.09032425200000001, "build": 3.190930328000036, "sim": 0.04598907799999097, "diff": {"time": 0.011483182999995734, "vars": [], "numCompared": 8}, "phase": 7, "exectime": 6.6247906800000465}