{"parsing": 1.956580625999976, "frontend": 0.098194597, "backend": 0.324496181, "simcode": 0.021356482000000003, "templates": 0.059048332, "build": 2.792744486999993, "sim": 0.10803286500001263, "diff": {"time": 0.007055476999994426, "vars": [], "numCompared": 6}, "phase": 7, "exectime": 6.191946954999992}