{"parsing": 2.0153498649999904, "frontend": 0.10395001200000004, "backend": 0.351384684, "simcode": 0.02454886199999999, "templates": 0.06644314300000001, "build": 2.8980261230000224, "sim": 0.17250588300001368, "diff": {"time": 0.010409428999992087, "vars": [], "numCompared": 12}, "phase": 7, "exectime": 6.494077199000003}