{"parsing": 2.018271167000023, "frontend": 0.104210417, "backend": 0.38153924000000006, "simcode": 0.039897858999999994, "templates": 0.08745960700000001, "build": 3.207567759999961, "sim": 0.07215852100000575, "diff": {"time": 0.01946760099997391, "vars": [], "numCompared": 18}, "phase": 7, "exectime": 6.7539335629999755}