{"parsing": 1.9748136790000217, "frontend": 0.09576907000000001, "backend": 0.332602784, "simcode": 0.027271687000000003, "templates": 0.083618601, "build": 3.0661265400000275, "sim": 0.043222006000007696, "diff": {"time": 0.007411153000020931, "vars": [], "numCompared": 7}, "phase": 7, "exectime": 6.453536159000009}