{"parsing": 2.07654095700002, "frontend": 0.106549911, "backend": 0.339977219, "simcode": 0.029250090000000006, "templates": 0.07641119299999999, "build": 3.1808421650000014, "sim": 0.045820344999981444, "diff": {"time": 0.010244893999981741, "vars": [], "numCompared": 8}, "phase": 7, "exectime": 6.6661831389999975}